Rank,Feature_ID,Feature_Index,Gain_Score,Kmer_Sequence,Kmer_Length
1,f15420612,15420612,154.42877197265625,AAGTCACCATGGGGATGGTAT,21
2,f6850264,6850264,74.36229705810547,ATACCATCCGCACGGCGATAT,21
3,f35703588,35703588,71.28667449951172,ATGACACGATCGTCCGTATGG,21
4,f15434735,15434735,68.80831146240234,ACCATCCCCATGGTGACTTGG,21
5,f15435761,15435761,66.9148178100586,ACCGCCAAGTCACCATGGGGA,21
6,f8629910,8629910,64.06172180175781,ACTGGCGAAACCGGCGGTTGA,21
7,f7280641,7280641,57.66323471069336,ACGCTCGCCGCAGGTAAAGTA,21
8,f22401445,22401445,50.68715286254883,AGTCGCTGCTCACGTTAGCCA,21
9,f32737025,32737025,50.324066162109375,CAGTTTGGCGACCGCATACGG,21
10,f6850263,6850263,49.201576232910156,ATACCATCCGCACGGCGATAG,21
11,f34486480,34486480,42.88323974609375,CCGTGCGGGCGATGTCGCAGG,21
12,f8148885,8148885,42.30493927001953,CCGTAAACCGCTGCCGCACCG,21
13,f35744129,35744129,40.2332763671875,CGGACGATCGTGTCATAAACC,21
14,f3678701,3678701,20.391389846801758,CGGGTAATTCATTACCGGCTC,21
15,f28740690,28740690,16.395038604736328,AGGGTGATGGGGTATGACACA,21
16,f44574846,44574846,12.587635040283203,ATTGACCCACGTGAAATCCTC,21
17,f26039528,26039528,12.290559768676758,CCACGCACCGTGCGGTCGGGG,21
18,f892,892,10.726760864257812,AAAACCAGGCGAATCCAGCGC,21
19,f5093919,5093919,9.098295211791992,AATATTCTGCCCATGCGGGGA,21
20,f13617732,13617732,6.813514709472656,TCCGGTCAGATTCATCAACAA,21
21,f28295060,28295060,5.157508850097656,CAGGATTTTTCTCTTCAACCG,21
22,f5794518,5794518,3.8375110626220703,ATCGTGATGAACGATCTGCCG,21
23,f37782218,37782218,3.6021957397460938,GCTACTTCCACTACAGCATCC,21
