Hyperparameter,Importance
subsample,0.33743102924935503
min_child_weight,0.323029647746619
max_depth,0.10733644609558876
colsample_bytree,0.09702010569916798
learning_rate,0.07248417375522137
gamma,0.06269859745404775
