Hyperparameter,Importance
subsample,0.28170872758310717
min_child_weight,0.2811072777732024
colsample_bytree,0.24447468622626403
gamma,0.08649364519946452
learning_rate,0.06889669969219663
max_depth,0.0373189635257653
